»’∆⁄,◊Ó∏ﬂ∆¯Œ¬,◊ÓµÕ∆¯Œ¬,ÃÏ∆¯
2021-01-01,6°Ê,-5°Ê,«Á
2021-01-02,4°Ê,-5°Ê,ˆ≤
2021-01-03,2°Ê,-6°Ê,«Á
2021-01-04,1°Ê,-8°Ê,«Á
2021-01-05,0°Ê,-10°Ê,«Á
2021-01-06,0°Ê,-15°Ê,«Á
2021-01-07,-°Ê,-11°Ê,«Á
2021-01-08,3°Ê,-7°Ê,«Á
2021-01-09,5°Ê,-7°Ê,«Á
2021-01-10,3°Ê,-5°Ê,∂‡‘∆
2021-01-11,4°Ê,-5°Ê,«Á
2021-01-12,1°Ê,0°Ê,«Á
2021-01-13,1°Ê,-4°Ê,ˆ≤
2021-01-14,6°Ê,-2°Ê,∂‡‘∆
2021-01-15,5°Ê,-6°Ê,∂‡‘∆
2021-01-16,3°Ê,-5°Ê,«Á
2021-01-17,9°Ê,-2°Ê,«Á
2021-01-18,1°Ê,-4°Ê,«Á
2021-01-19,0°Ê,-5°Ê,∂‡‘∆
2021-01-20,3°Ê,-3°Ê,“ı
2021-01-21,5°Ê,-4°Ê,ˆ≤
2021-01-22,6°Ê,-4°Ê,ˆ≤
2021-01-23,7°Ê,-3°Ê,ˆ≤
2021-01-24,4°Ê,0°Ê,–°—©
2021-01-25,4°Ê,-3°Ê,ˆ≤
2021-01-26,1°Ê,-1°Ê,∂‡‘∆
2021-01-27,1°Ê,-4°Ê,«Á
2021-01-28,7°Ê,-4°Ê,«Á
2021-01-29,1°Ê,0°Ê,«Á
2021-01-30,1°Ê,-1°Ê,«Á
2021-01-31,1°Ê,0°Ê,«Á
2021-02-01,9°Ê,-6°Ê,«Á
2021-02-02,6°Ê,-2°Ê,«Á
2021-02-03,1°Ê,-3°Ê,«Á
2021-02-04,1°Ê,3°Ê,∂‡‘∆
2021-02-05,1°Ê,5°Ê,«Á
2021-02-06,2°Ê,0°Ê,∂‡‘∆
2021-02-07,7°Ê,-3°Ê,«Á
2021-02-08,8°Ê,3°Ê,“ı
2021-02-09,1°Ê,0°Ê,«Á
2021-02-10,1°Ê,2°Ê,«Á
2021-02-11,1°Ê,3°Ê,∂‡‘∆
2021-02-12,1°Ê,3°Ê,ˆ≤
2021-02-13,1°Ê,5°Ê,“ı
2021-02-14,1°Ê,-1°Ê,“ı
2021-02-15,8°Ê,0°Ê,«Á
2021-02-16,8°Ê,-6°Ê,«Á
2021-02-17,6°Ê,-3°Ê,«Á
2021-02-18,1°Ê,4°Ê,«Á
2021-02-19,2°Ê,7°Ê,«Á
2021-02-20,2°Ê,10°Ê,«Á
2021-02-21,2°Ê,6°Ê,«Á
2021-02-22,1°Ê,2°Ê,∂‡‘∆
2021-02-23,1°Ê,1°Ê,“ı
2021-02-24,3°Ê,0°Ê,–°—©
2021-02-25,8°Ê,-1°Ê,∂‡‘∆
2021-02-26,9°Ê,-1°Ê,«Á
2021-02-27,1°Ê,4°Ê,“ı
2021-02-28,7°Ê,1°Ê,–°”Í
2021-03-01,9°Ê,0°Ê,«Á
2021-03-02,1°Ê,4°Ê,∂‡‘∆
2021-03-03,1°Ê,6°Ê,«Á
2021-03-04,1°Ê,5°Ê,∂‡‘∆
2021-03-05,1°Ê,0°Ê,“ı
2021-03-06,2°Ê,-2°Ê,∂‡‘∆
2021-03-07,8°Ê,2°Ê,∂‡‘∆
2021-03-08,1°Ê,6°Ê,“ı
2021-03-09,1°Ê,6°Ê,«Á
2021-03-10,1°Ê,9°Ê,“ı
2021-03-11,1°Ê,5°Ê,«Á
2021-03-12,1°Ê,6°Ê,∂‡‘∆
2021-03-13,1°Ê,8°Ê,«Á
2021-03-14,1°Ê,11°Ê,“ı
2021-03-15,1°Ê,5°Ê,ˆ≤
2021-03-16,1°Ê,3°Ê,«Á
2021-03-17,1°Ê,7°Ê,“ı
2021-03-18,6°Ê,5°Ê,“ı
2021-03-19,6°Ê,4°Ê,“ı
2021-03-20,1°Ê,3°Ê,«Á
2021-03-21,1°Ê,5°Ê,«Á
2021-03-22,1°Ê,8°Ê,«Á
2021-03-23,2°Ê,8°Ê,«Á
2021-03-24,2°Ê,7°Ê,«Á
2021-03-25,2°Ê,10°Ê,“ı
2021-03-26,1°Ê,9°Ê,“ı
2021-03-27,1°Ê,12°Ê,«Á
2021-03-28,2°Ê,12°Ê,ˆ≤
2021-03-29,1°Ê,6°Ê,«Á
2021-03-30,2°Ê,9°Ê,∂‡‘∆
2021-03-31,2°Ê,12°Ê,“ı
2021-04-01,1°Ê,11°Ê,“ı
2021-04-02,1°Ê,9°Ê,–°”Í
2021-04-03,1°Ê,5°Ê,“ı
2021-04-04,1°Ê,6°Ê,«Á
2021-04-05,1°Ê,6°Ê,«Á
2021-04-06,1°Ê,8°Ê,∂‡‘∆
2021-04-07,2°Ê,8°Ê,«Á
2021-04-08,2°Ê,11°Ê,«Á
2021-04-09,2°Ê,11°Ê,∂‡‘∆
2021-04-10,2°Ê,10°Ê,«Á
2021-04-11,2°Ê,11°Ê,∂‡‘∆
2021-04-12,2°Ê,11°Ê,∂‡‘∆
2021-04-13,1°Ê,8°Ê,«Á
2021-04-14,2°Ê,12°Ê,«Á
2021-04-15,2°Ê,9°Ê,ˆ≤
2021-04-16,2°Ê,8°Ê,«Á
2021-04-17,2°Ê,8°Ê,∂‡‘∆
2021-04-18,2°Ê,13°Ê,∂‡‘∆
2021-04-19,2°Ê,16°Ê,∂‡‘∆
2021-04-20,1°Ê,12°Ê,“ı
2021-04-21,1°Ê,11°Ê,“ı
2021-04-22,2°Ê,11°Ê,«Á
2021-04-23,2°Ê,11°Ê,“ı
2021-04-24,1°Ê,12°Ê,“ı
2021-04-25,1°Ê,13°Ê,“ı
2021-04-26,2°Ê,15°Ê,«Á
2021-04-27,2°Ê,10°Ê,“ı
2021-04-28,2°Ê,14°Ê,«Á
2021-04-29,2°Ê,11°Ê,«Á
2021-04-30,2°Ê,10°Ê,«Á
2021-05-01,2°Ê,9°Ê,«Á
2021-05-02,2°Ê,12°Ê,“ı
2021-05-03,2°Ê,12°Ê,“ı
2021-05-04,2°Ê,12°Ê,«Á
2021-05-05,2°Ê,15°Ê,«Á
2021-05-06,3°Ê,12°Ê,«Á
2021-05-07,2°Ê,16°Ê,“ı
2021-05-08,3°Ê,14°Ê,«Á
2021-05-09,2°Ê,16°Ê,«Á
2021-05-10,2°Ê,13°Ê,∂‡‘∆
2021-05-11,2°Ê,15°Ê,∂‡‘∆
2021-05-12,2°Ê,17°Ê,∂‡‘∆
2021-05-13,2°Ê,18°Ê,∂‡‘∆
2021-05-14,2°Ê,18°Ê,“ı
2021-05-15,2°Ê,12°Ê,–°”Í◊™“ı
2021-05-16,1°Ê,11°Ê,“ı
2021-05-17,2°Ê,14°Ê,∂‡‘∆
2021-05-18,2°Ê,17°Ê,∂‡‘∆
2021-05-19,2°Ê,16°Ê,“ı
2021-05-20,2°Ê,17°Ê,∂‡‘∆◊™–°”Í
2021-05-21,2°Ê,20°Ê,∂‡‘∆
2021-05-22,3°Ê,20°Ê,“ı
2021-05-23,2°Ê,16°Ê,“ı
2021-05-24,3°Ê,15°Ê,«Á
2021-05-25,3°Ê,18°Ê,∂‡‘∆
2021-05-26,1°Ê,16°Ê,“ı
2021-05-27,3°Ê,17°Ê,«Á
2021-05-28,3°Ê,21°Ê,∂‡‘∆
2021-05-29,3°Ê,17°Ê,«Á
2021-05-30,2°Ê,17°Ê,∂‡‘∆◊™–°”Í
2021-05-31,3°Ê,19°Ê,–°”Í
2021-06-01,2°Ê,19°Ê,“ı
2021-06-02,3°Ê,21°Ê,–°”Í
2021-06-03,2°Ê,18°Ê,∂‡‘∆
2021-06-04,3°Ê,20°Ê,«Á
2021-06-05,3°Ê,20°Ê,«Á
2021-06-06,3°Ê,23°Ê,∂‡‘∆
2021-06-07,3°Ê,21°Ê,“ı
2021-06-08,3°Ê,23°Ê,“ı
2021-06-09,2°Ê,20°Ê,–°”Í
2021-06-10,2°Ê,19°Ê,∂‡‘∆
2021-06-11,3°Ê,23°Ê,∂‡‘∆
2021-06-12,3°Ê,24°Ê,–°”Í
2021-06-13,3°Ê,24°Ê,∂‡‘∆
2021-06-14,2°Ê,23°Ê,∂‡‘∆
2021-06-15,3°Ê,21°Ê,“ı
2021-06-16,2°Ê,21°Ê,–°”Í
2021-06-17,2°Ê,22°Ê,“ı
2021-06-18,3°Ê,19°Ê,∂‡‘∆
2021-06-19,2°Ê,20°Ê,“ı◊™–°”Í
2021-06-20,2°Ê,19°Ê,“ı
2021-06-21,3°Ê,23°Ê,«Á
2021-06-22,3°Ê,20°Ê,«Á
2021-06-23,3°Ê,23°Ê,∂‡‘∆
2021-06-24,3°Ê,24°Ê,“ı
2021-06-25,2°Ê,9°Ê,–°”Í
2021-06-26,3°Ê,27°Ê,∂‡‘∆
2021-06-27,3°Ê,25°Ê,«Á
2021-06-28,3°Ê,26°Ê,∂‡‘∆
2021-06-29,3°Ê,25°Ê,∂‡‘∆
2021-06-30,3°Ê,24°Ê,“ı
2021-07-01,2°Ê,21°Ê,∂‡‘∆
2021-07-02,2°Ê,18°Ê,–°”ÍµΩ÷–”Í
2021-07-03,3°Ê,22°Ê,“ı
2021-07-04,3°Ê,23°Ê,∂‡‘∆
2021-07-05,3°Ê,23°Ê,∂‡‘∆
2021-07-06,3°Ê,22°Ê,“ı
2021-07-07,3°Ê,22°Ê,–°”ÍµΩ÷–”Í
2021-07-08,3°Ê,26°Ê,«Á
2021-07-09,3°Ê,26°Ê,«Á
2021-07-10,3°Ê,17°Ê,∂‡‘∆
2021-07-11,3°Ê,24°Ê,–°”ÍµΩ¥Û”Í
2021-07-12,3°Ê,25°Ê,«Á
2021-07-13,3°Ê,26°Ê,∂‡‘∆
2021-07-14,2°Ê,16°Ê,∂‡‘∆
2021-07-15,3°Ê,25°Ê,–°”ÍµΩ÷–”Í
2021-07-16,3°Ê,25°Ê,∂‡‘∆◊™–°”Í
2021-07-17,2°Ê,23°Ê,∂‡‘∆
2021-07-18,2°Ê,24°Ê,–°”ÍµΩ¥Û”Í
2021-07-19,2°Ê,24°Ê,–°”Í
2021-07-20,2°Ê,23°Ê,–°”Í
2021-07-21,2°Ê,22°Ê,÷–”ÍµΩ¥Û”Í
2021-07-22,3°Ê,25°Ê,«Á
2021-07-23,3°Ê,25°Ê,–°”Í
2021-07-24,3°Ê,24°Ê,∂‡‘∆
2021-07-25,3°Ê,23°Ê,∂‡‘∆
2021-07-26,3°Ê,24°Ê,«Á
2021-07-27,3°Ê,25°Ê,“ı
2021-07-28,2°Ê,22°Ê,–°”Í
2021-07-29,3°Ê,23°Ê,∂‡‘∆
2021-07-30,3°Ê,24°Ê,«Á
2021-07-31,3°Ê,23°Ê,∂‡‘∆
2021-08-01,3°Ê,22°Ê,«Á
2021-08-02,3°Ê,25°Ê,«Á
2021-08-03,3°Ê,18°Ê,«Á
2021-08-04,3°Ê,25°Ê,∂‡‘∆
2021-08-05,3°Ê,23°Ê,«Á
2021-08-06,3°Ê,24°Ê,“ı
2021-08-07,3°Ê,23°Ê,«Á
2021-08-08,3°Ê,23°Ê,∂‡‘∆
2021-08-09,3°Ê,24°Ê,«Á
2021-08-10,3°Ê,22°Ê,“ı
2021-08-11,3°Ê,24°Ê,“ı
2021-08-12,2°Ê,23°Ê,∂‡‘∆
2021-08-13,3°Ê,21°Ê,«Á
2021-08-14,3°Ê,21°Ê,«Á
2021-08-15,3°Ê,21°Ê,«Á
2021-08-16,2°Ê,23°Ê,–°”Í
2021-08-17,3°Ê,23°Ê,∂‡‘∆
2021-08-18,3°Ê,23°Ê,∂‡‘∆
2021-08-19,2°Ê,19°Ê,“ı
2021-08-20,2°Ê,21°Ê,“ıµΩ–°”Í
2021-08-21,2°Ê,24°Ê,∂‡‘∆
2021-08-22,2°Ê,22°Ê,“ı
2021-08-23,3°Ê,21°Ê,«Á
2021-08-24,3°Ê,20°Ê,«Á
2021-08-25,3°Ê,21°Ê,∂‡‘∆◊™–°”Í
2021-08-26,3°Ê,18°Ê,∂‡‘∆
2021-08-27,3°Ê,18°Ê,«Á◊™∂‡‘∆
2021-08-28,2°Ê,20°Ê,“ı
2021-08-29,2°Ê,20°Ê,∂‡‘∆
2021-08-30,2°Ê,20°Ê,–°”ÍµΩ÷–”Í
2021-08-31,2°Ê,19°Ê,–°”ÍµΩ÷–”Í
2021-09-01,2°Ê,18°Ê,∂‡‘∆
2021-09-02,3°Ê,21°Ê,«Á
2021-09-03,2°Ê,21°Ê,∂‡‘∆
2021-09-04,2°Ê,19°Ê,∂‡‘∆
2021-09-05,2°Ê,21°Ê,“ı
2021-09-06,2°Ê,14°Ê,«Á
2021-09-07,2°Ê,14°Ê,«Á
2021-09-08,3°Ê,20°Ê,«Á
2021-09-09,3°Ê,20°Ê,«Á
2021-09-10,2°Ê,10°Ê,∂‡‘∆
2021-09-11,3°Ê,22°Ê,«Á
2021-09-12,3°Ê,22°Ê,«Á
2021-09-13,2°Ê,21°Ê,«Á
2021-09-14,2°Ê,18°Ê,«Á
2021-09-15,3°Ê,19°Ê,«Á
2021-09-16,2°Ê,20°Ê,–°”Í
2021-09-17,2°Ê,20°Ê,“ı
2021-09-18,2°Ê,16°Ê,–°”ÍµΩ÷–”Í
2021-09-19,1°Ê,15°Ê,–°”ÍµΩ÷–”Í
2021-09-20,2°Ê,18°Ê,«Á
2021-09-21,3°Ê,18°Ê,«Á
2021-09-22,2°Ê,18°Ê,∂‡‘∆
2021-09-23,2°Ê,17°Ê,–°”Í
2021-09-24,2°Ê,18°Ê,–°”ÍµΩ÷–”Í
2021-09-25,2°Ê,17°Ê,–°”Í
2021-09-26,2°Ê,21°Ê,∂‡‘∆
2021-09-27,2°Ê,19°Ê,∂‡‘∆
2021-09-28,2°Ê,17°Ê,«Á
2021-09-29,2°Ê,17°Ê,«Á
2021-09-30,3°Ê,19°Ê,∂‡‘∆
2021-10-01,2°Ê,17°Ê,«Á
2021-10-02,3°Ê,24°Ê,«Á
2021-10-03,2°Ê,15°Ê,“ı
2021-10-04,1°Ê,11°Ê,–°”ÍµΩ÷–”Í
2021-10-05,1°Ê,10°Ê,–°”Í
2021-10-06,1°Ê,9°Ê,–°”ÍµΩ÷–”Í
2021-10-07,1°Ê,9°Ê,∂‡‘∆
2021-10-08,1°Ê,15°Ê,“ı
2021-10-09,1°Ê,14°Ê,“ı
2021-10-10,1°Ê,7°Ê,“ı
2021-10-11,1°Ê,13°Ê,“ı
2021-10-12,2°Ê,13°Ê,∂‡‘∆
2021-10-13,2°Ê,17°Ê,∂‡‘∆
2021-10-14,1°Ê,15°Ê,∂‡‘∆
2021-10-15,2°Ê,9°Ê,∂‡‘∆
2021-10-16,1°Ê,2°Ê,«Á
2021-10-17,1°Ê,6°Ê,«Á
2021-10-18,1°Ê,10°Ê,∂‡‘∆
2021-10-19,1°Ê,8°Ê,∂‡‘∆
2021-10-20,1°Ê,4°Ê,“ı
2021-10-21,1°Ê,5°Ê,ŒÌ
2021-10-22,1°Ê,7°Ê,∂‡‘∆
2021-10-23,1°Ê,9°Ê,∂‡‘∆
2021-10-24,1°Ê,9°Ê,«Á
2021-10-25,2°Ê,9°Ê,∂‡‘∆
2021-10-26,2°Ê,9°Ê,“ı
2021-10-27,2°Ê,10°Ê,∂‡‘∆
2021-10-28,2°Ê,9°Ê,∂‡‘∆
2021-10-29,2°Ê,9°Ê,∂‡‘∆
2021-10-30,2°Ê,6°Ê,∂‡‘∆
2021-10-31,1°Ê,3°Ê,«Á
2021-11-01,1°Ê,8°Ê,∂‡‘∆
2021-11-02,1°Ê,10°Ê,∂‡‘∆
2021-11-03,2°Ê,8°Ê,∂‡‘∆
2021-11-04,2°Ê,10°Ê,∂‡‘∆
2021-11-05,1°Ê,4°Ê,“ı
2021-11-06,1°Ê,2°Ê,–°”Í
2021-11-07,4°Ê,-2°Ê,«Á
2021-11-08,1°Ê,3°Ê,∂‡‘∆
2021-11-09,1°Ê,5°Ê,«Á
2021-11-10,1°Ê,4°Ê,«Á◊™∂‡‘∆
2021-11-11,1°Ê,2°Ê,«Á
2021-11-12,1°Ê,1°Ê,«Á
2021-11-13,2°Ê,6°Ê,«Á
2021-11-14,1°Ê,3°Ê,«Á
2021-11-15,1°Ê,3°Ê,∂‡‘∆
2021-11-16,1°Ê,5°Ê,∂‡‘∆
2021-11-17,1°Ê,6°Ê,«Á
2021-11-18,2°Ê,8°Ê,«Á
2021-11-19,1°Ê,6°Ê,∂‡‘∆
2021-11-20,1°Ê,8°Ê,–°”Í
2021-11-21,1°Ê,-1°Ê,«Á
2021-11-22,9°Ê,-4°Ê,«Á
2021-11-23,1°Ê,4°Ê,«Á
2021-11-24,1°Ê,1°Ê,«Á
2021-11-25,2°Ê,5°Ê,«Á
2021-11-26,1°Ê,-1°Ê,«Á
2021-11-27,1°Ê,5°Ê,∂‡‘∆
2021-11-28,1°Ê,4°Ê,«Á
2021-11-29,1°Ê,5°Ê,∂‡‘∆
2021-11-30,1°Ê,0°Ê,«Á
2021-12-01,9°Ê,-2°Ê,«Á
2021-12-02,1°Ê,-2°Ê,«Á
2021-12-03,1°Ê,-3°Ê,«Á
2021-12-04,1°Ê,1°Ê,∂‡‘∆
2021-12-05,1°Ê,-1°Ê,«Á
2021-12-06,1°Ê,-2°Ê,∂‡‘∆
2021-12-07,1°Ê,2°Ê,∂‡‘∆
2021-12-08,9°Ê,0°Ê,“ı
2021-12-09,1°Ê,0°Ê,«Á
2021-12-10,1°Ê,3°Ê,∂‡‘∆
2021-12-11,1°Ê,1°Ê,“ı
2021-12-12,6°Ê,-5°Ê,∂‡‘∆◊™«Á
2021-12-13,8°Ê,-3°Ê,«Á
2021-12-14,7°Ê,-5°Ê,«Á
2021-12-15,1°Ê,8°Ê,“ıµΩ–°”Í
2021-12-16,1°Ê,-4°Ê,«Á
2021-12-17,2°Ê,-2°Ê,«Á
2021-12-18,7°Ê,1°Ê,«Á
2021-12-19,1°Ê,1°Ê,∂‡‘∆
2021-12-20,1°Ê,-1°Ê,«Á
2021-12-21,1°Ê,0°Ê,«Á
2021-12-22,-°Ê,-15°Ê,«Á
2021-12-23,4°Ê,-3°Ê,“ı
2021-12-24,-°Ê,-7°Ê,∂‡‘∆
2021-12-25,-°Ê,-13°Ê,«Á
2021-12-26,1°Ê,-7°Ê,«Á
2021-12-27,6°Ê,-6°Ê,ŒÌ
2021-12-28,7°Ê,-4°Ê,«Á
2021-12-29,7°Ê,-2°Ê,«Á
2021-12-30,1°Ê,1°Ê,«Á
2021-12-31,6°Ê,-2°Ê,∂‡‘∆
